Sr.No,Mobile No.,Sim No.,GPS IMEI,GPS ID
1,7391046424,8991272172106019136,351608082709275,TMP/GPS/041
2,7391046425,8991272172106019227,351608082676722,TMP/GPS/042
3,8407919064,8991272172106019516,351608082144010,TMP/GPS/053
4,7507244884,8991272172106019425,351608082143186,TMP/GPS/056
5,9823751302,8991272172400014825,351608083355425,TMP/GPS/157
6,9637182306,8991272172400014817,351608084746515,TMP/GPS/158
7,9673013576,8991272172400014809,351608084747828,TMP/GPS/159
8,8698792056,8991272172400014767,351608084752729,TMP/GPS/160
9,7378880113,8991272172400014775,351608083353214,TMP/GPS/161
10,7507200450,8991272172400014791,351608083325808,TMP/GPS/162
11,9823754049,8991272172400014783,351608083359070,TMP/GPS/163
12,7798779140,8991272172400015079,351608083355433,TMP/GPS/164
13,9823651302,8991272172400015087,351608084751432,TMP/GPS/165
14,9923740405,8991272172400015095,351608084764245,TMP/GPS/166
15,9923344316,8991272172400014833,351608084757108,TMP/GPS/167
16,7798013783,8991272172400014841,351608084759922,TMP/GPS/168
17,7767891232,8991272172400014858,351608083322607,TMP/GPS/169
18,8390513001,8991272172400014866,351608083337738,TMP/GPS/170
19,9923740076,8991272172400014874,351608084747968,TMP/GPS/171
20,8390741423,8991272172400014882,351608084763171,TMP/GPS/172
21,9923809701,8991272172400014890,351608083321989,TMP/GPS/173
22,9923344850,8991272172400014908,351608083359195,TMP/GPS/174
23,9923460605,8991272172400014734,351608084749444,TMP/GPS/175
24,8390919669,8991272172400014742,351608084748305,TMP/GPS/176
25,8806761679,8991272172400015020,351608084748826,TMP/GPS/177
26,9923464090,8991272172400015038,351608083337506,TMP/GPS/178
27,9158074791,8991272172400014254,351608084759047,TMP/GPS/179
28,7261930506,8991272172400014262,351608083337969,TMP/GPS/180
29,9764127275,8991272172400014270,351608084763452,TMP/GPS/181
30,7263011432,8991272172400014288,351608084760482,TMP/GPS/182
31,9923630313,8991272172400014296,351608083355201,TMP/GPS/183
32,9923747697,8991272172400014304,351608084750988,TMP/GPS/184
33,9923213661,8991272172400014312,351608084764476,TMP/GPS/185
34,9923951021,8991272172400014320,351608084748990,TMP/GPS/186
35,9637569692,8991272172400014338,351608084758940,TMP/GPS/187
36,7263894516,8991272172400014346,351608084754378,TMP/GPS/188
37,7262838919,8991272172400014353,351608084763312,TMP/GPS/189
38,9923302459,8991272172400014361,351608083337878,TMP/GPS/190
39,9823971289,8991272172400014379,351608083330998,TMP/GPS/191
40,7264814352,8991272172400014916,351608083351242,TMP/GPS/192
41,7262809425,8991272172400014924,351608084758866,TMP/GPS/193
42,7507408527,8991272172400014932,351608084753461,TMP/GPS/194
43,7263022794,8991272172400014940,351608084760136,TMP/GPS/195
44,7378951746,8991272172400014957,351608084760748,TMP/GPS/196
45,9823754453,8991272172400014965,351608084752703,TMP/GPS/197
46,7378316441,8991272172400014973,351608083323134,TMP/GPS/198
47,9823963565,8991272172400014981,351608083358486,TMP/GPS/199
48,9158697034,8991272172400014999,351608083355581,TMP/GPS/200
49,7378611325,8991272172400015004,351608084756043,TMP/GPS/201
50,9923273494,8991272172400015012,351608084764377,TMP/GPS/202